CPU,CPU,コンピュータの頭脳に当たる部分で、制御装置と演算装置から構成される。,10,2,0
制御装置,せいぎょそうち,コンピュータを構成する装置の一つで、記憶装置から命令を取り出し解読し、各装置に指示を与える役割を担う。,2,2,0
演算装置,えんざんそうち,コンピュータを構成する装置の一つで、データの四則演算や論理演算などを行う。,0,2,0
記憶装置,きおくそうち,コンピュータを構成する装置の一つで、データやプログラムを記憶する役割を担う。,1,2,0
入力装置,にゅうりょくそうち,コンピュータを構成する装置の一つで、外部からプログラムやデータを読み込む役割を担う。,4,2,0
出力装置,しゅつりょくそうち,コンピュータを構成する装置の一つで、内部で処理されたデータを外部へ書き出す役割を担う。,2,2,0
ハードウェア,はーどうぇあ,物理的に存在し、手で触れるような機械。,5,5,0
ソフトウェア,そふとうぇあ,物理的に存在しない、手で触れることができないデータや信号。,2,4,0
プログラム内蔵方式,ぷろぐらむないぞうほうしき,コンピュータの設計方針の一つで、CPUがあらかじめ主記憶に記憶されたプログラムを順に読み出しながら実行する方式のこと。,5,2,0
レジスタ,れじすた,CPUの中に用意されている記憶装置。高速でアクセスできる。,8,2,0
クロック周波数,くろっくしゅうはすう,「高」「低」を繰り返す電圧のサイクルが1秒間に何回繰り返されるかを表したもの。単位にGHz(ギガヘルツ)などがよく使用される。,1,2,0
実行アドレス,じっこうあどれす,CPUの命令実行時に処理対象となるデータが実際に格納されている主記憶装置上のアドレス。,2,1,0
パイプライン制御,ぱいぷらいんせいぎょ,CPUが命令を実行する時に、命令の読み出しから実行までを複数のステージに細分化し、複数の命令を並行して実行することによって処理効率を向上させる方式。,5,2,0
マルチコアプロセッサ,まるちこあぷろせっさ,一つのCPU内に複数のコアを備えているプロセッサ。シングルコアと比較して、消費電力を抑えつつ、プロセッサ全体の処理性能を高めることができる。,6,2,0
RAM,RAM,読み書き可能な記憶装置。電源を切ると記憶していた内容が消えてしまう「揮発性」という性質を持つ。,13,2,0
DRAM,DRAM,RAMの一種。コンデンサで構成され、主に主記憶装置に用いられる。メモリセル構造が単純なので高集積化することができ、ビット単価を安くできる。ただし、内容を維持するためにリフレッシュ動作(再書込み)が必要になる。,10,2,0
SRAM,SRAM,RAMの一種。フリップフロップ回路で構成され、主にキャッシュメモリに用いられる。記憶内容を保持し続けるためのリフレッシュ動作(再書込み)が不要。ただし、構造が複雑で集積度が低いため、ビット単価は高価になる。,13,2,0
ROM,ROM,読み出し専用の記憶装置。電源を切っても記憶していた内容が消えない「不揮発性」という性質を持つ。,13,2,0
フラッシュメモリ,ふらっしゅめもり,電圧をかけて全消去、ブロック単位での消去ができる半導体メモリ。,5,2,0
キャッシュメモリ,きゃっしゅめもり,CPUから主記憶装置へのアクセス速度の遅さをカバーするために用意するROM。主記憶装置から読み出したデータを保存しておき、後で同じデータを読み出す際に高速なキャッシュメモリから読み出すことで、データ転送の高速化が行える。キャッシュメモリと主記憶の両方を書き換える方式(ライトスルー方式)とキャッシュメモリだけを書き換えておき、主記憶の書き換えは後で行う方式(ライトバック方式)とがある。,1,2,0
ディスクキャッシュ,でぃすくきゃっしゅ,主記憶装置へのアクセス時間と磁気ディスクのアクセス時間とのギャップを補うために両者間に配置するもの。,3,2,0
メモリインタリープ,めもりいんたりーぶ,主記憶装置を幾つかの単位に分割し、並列動作させることでアクセス時間の高速化を図る方法。,6,2,0
磁気ディスク,じきでぃすく,円盤状のディスクにデータを記録し、磁気ヘッドを移動させながらデータを読み書きする装置。ハードディスクとも呼ばれる。,2,2,0
フラグメンテーション,ふらぐめんてーしょん,記憶装置に書き込みや消去を繰り返していくと、連続した大きな空き領域が次第に少なくなり、新たに書き込むデータが小さな断片に分割されて記録されるようになってしまう現象。,5,4,0
ICタグ(RFID),ICたぐ,電波を受けて働く小型の電子装置。電磁波を用いて情報を非接触で読み取れる。汚れに強く、記録された情報を梱包の外から読むことができる。,11,20,0
USB,USB,コンピュータと周辺装置を接独するインターフェース。上位規格であるUSB3.0の登場により、スーパースピードと呼ばれる5Gビット/秒のデータ転送が可能となった。,14,2,0
HDMI,HDMI,音声と映像を合わせて一本のケーブルで送受信する規格。,11,2,0
Bluetooth,Bluetooth,免許不要の2.4GHz帯の電波を利用して通信する無線技術。指向性がなく、パソコンやスマートフォンのデータ交換などに使われている。,10,2,0
ミドルウェア,みどるうぇあ,OSと応用ソフトウェアの中間に入るソフトウェア。多数の応用ソフトウェアが共通に利用する機能を，標準化されたインタフェースで応用ソフトウェアから利用できるようにするために使用される。,6,4,0
スループット,するーぷっと,コンピュータによって処理される単位時間あたりの仕事量。,2,3,0
ターンアラウンドタイム,たーんあらうんどたいむ,一連の仕事をコンピュータに依頼してから、完全な処理結果を受け取るまでにかかる時間(入力作業の開始からすべての出力作業を終えるまでに要する時間)。,3,3,0
レスポンスタイム,れすぽんすたいむ,コンピュータに処理要求を行ってから、最初の反応が返ってくるまでの時間。応答時間ともいう。,8,3,0
信頼性,しんらいせい,システムが不具合なく、正常に稼働していること。,2,3,0
可用性,かようせい,ユーザーが必要な時に、いつでも情報システムを利用できる状態であること。,1,3,0
保守性,ほしゅせい,システムに不具合があった場合、早急かつ簡単に修復ができること。,5,3,0
保全性,ほぜんせい,システムに誤作動がなく、壊れにくいこと。,5,3,0
安全性,あんぜんせい,システムがセキュリティ上安全で、不正アクセスなどから保護されていること。,0,3,0
API,API,アプリケーションから，OSが用意する各種機能を利用するための仕組み。開発者は、APIを介してOSが持つ機能を呼び出すことができ、これを組合わせることで目的プログラムの互換性を高めたり、移植時の工数を削減できる。,10,4,0
OSS(オープンソースソフトウェア),OSS,誰でも自由に使用できるよう無償公開されているソースコード。開発者は、OSS化されているソースコードを用いることで実装工数の削減ができる。,12,4,0
ジョブ,じょぶ,ユーザーがコンピュータに対して指示する仕事の単位。,2,4,0
タスク,たすく,ユーザーから指示されたジョブをコンピュータ内で処理しやすいよう分解した仕事の単位。プロセスとも呼ばれる。,3,4,0
スプーリング,すぷーりんぐ,プリンタなどの低速な入出力装置への出力データを一旦高速な磁気ディスクに格納しておき，その後に目的の装置に出力する方式。CPUと入出力装置の処理速度の差を埋めることで、スループットの向上が見込める。,2,4,0
優先度方式,ゆうせんどほうしき,タスクが複数ある際、優先度の高いタスクからCPUの使用権を与える方式。,7,4,0
ラウンドロビン方式,らうんどろびんほうしき,タスクが複数ある際、一定時間の経過とともにCPUの使用権を変更していく方式。,8,4,0
割込み, わりこみ,実行中のプログラムを中断し、別処理に切り替えること。実行中のプログラムが原因で起こる内部割込みと、実行中のプログラムに関係なく起こる外部割込みに分類される。,9,4,0
フラグメンテーション,ふらぐめんてーしょん,OSが動的な記憶領域の割当てと解放を繰り返すことによって，細切れの未使用領域が多数できてしまう現象。,5,4,0
ガーベジコレクション,がーべじこれくしょん,フラグメンテーションの発生によって細切れになった未使用領域を連続した一つの領域にまとめ、再び利用可能にする処理。,1,4,0
メモリリーク,めもりりーく,OSやアプリケーションのバグなどが原因で、動作中に確保した主記憶が解放されなくなる現象。これが発生すると主記憶中の利用可能な部分が減少してしまう。,6,4,0
オーバレイ方式,おーばれいほうしき,あらかじめプログラムを幾つかのセグメントに分割しておき、実行時に必要な部分だけ主記憶にロードして実行する方式。,0,4,0
ページング方式,ぺーじんぐほうしき,補助記憶装置と主記憶を，固定長の領域に区切り，対応づけて管理する方式。補助記憶装置から主記憶にページを移すことを「ページイン」、逆に主記憶から補助記憶装置に移すことを「ページアウト」という。処理に必要なページを動的に割り当てることによって、主記憶を効率的に使用できる。,5,4,0
スラッシング,すらっしんぐ,ページング方式において、ページ置換えの発生頻度が高くなり、システムの処理能力が低下する現象。,2,4,0
FIFO方式,FIFOほうしき,ページング方式におけるページ置換えアルゴリズムの一つ。主記憶に一番古くから存在するページを置き換える方式。,11,4,0
LRU方式,LRUほうしき,ページング方式におけるページ置換えアルゴリズムの一つ。主記憶に存在するページの中から最後に参照されてから一番経過時間の長いページを置き換える方式。,12,4,0
LFU方式,LFUほうしき,ページング方式におけるページ置換えアルゴリズムの一つ。主記憶に存在するページの中から参照回数が最も少ないページを置き換える方式。,12,4,0
ディレクトリ,でぃれくとり,コンピュータのファイルシステムにおいて、データをファイルに格納し、さらにそれを階層構造で管理しているもの。階層構造の最上位にあるディレクトリをルートディレクトリ、そうでないディレクトリを下位ディレクトリという。また、現在の操作対象ディレクトリのことをカレントディレクトリという。,3,4,0
絶対パス指定,ぜったいぱすしてい,ルートディレクトリを基点とした目的ディレクトリまでの道筋。,2,4,0
相対パス指定,そうたいぱすしてい,カレントディレクトリを基点とした目的ディレクトリまでの道筋。,2,4,0
再配置可能(リロケータブル),さいはいちかのう,主記憶上のどのアドレスに配置しても実行できるプログラムの性質。,2,1,0
再入可能(リエントラント),さいにゅうかのう,プログラムの処理が終了していないときに，別のプログラムから再度呼び出されても正しく動作するプログラムの性質。,2,1,0
再使用可能(リユーザブル),さいしようかのう,一度実行した後、ロードし直さずに再び実行することができるプログラムの性質。,2,1,0
再帰的(リカーシブ),さいきてき,実行中に自分自身を呼び出すことができるプログラムの性質。,2,1,0
HTML,HTML,マークアップ言語の一つでWebページを記述するための言語。画像、音声、動画などを表現できる。CSSを用いてデザインをすることが多い,11,1,0
XML,XML,双方向リンク可能なハイパテキスト記述言語。文字型定義(DTD)を用いることで、独自のタグを定義することができる。,14,1,0
JPEG,JPEG,静止画像の圧縮形式のことで、国際規格に認定されている。フルカラーでの画像の圧縮、伸長が可能。(非可逆圧縮),11,7,0
MPEG,MPEG,動画の圧縮形式のことで、国際規格に認定されている。,12,7,0
2進数,2しんすう,0と1の数字だけを使って数を表す数値の表示形式。1の次に一つ桁上がりする。同様にN進数は0からN-1までの数字を使って数を表す表示形式である。人は10進数をよく使用するが、コンピュータでは2進数と互換性が高い8進数、16進数がよく使用される。,15,0,0
補数,ほすう,0と1だけで、マイナス記号を使用せずに負の数を表す数値の表示形式。コンピュータ内部では0と1しか使わないため、マイナスの数を表す時は補数が用いられる。,5,0,0
固定小数点表示,こていしょうすうてんひょうじ,ビット列の特定の位置に小数点が存在することが約束されている数値の表現方法。小数点が最下位ビットの右に存在するときは整数を表現している。,1,0,0
浮動小数点表示,ふどうしょうすうてんひょうじ,指数を使い小数を表すことができる数値の表現方法。固定小数点表示よりも大きな数や小さな数を表現するのに適している。,5,0,0
桁あふれ誤差,けたあふれごさ,演算結果が、扱える数値の最大値、最小値を超えることによって生じる誤差。最大値を超えることをオーバフロー、最小値を超えることをアンダフローという。,1,0,0
丸め誤差,まるめごさ,浮動小数点数の演算結果について、最小の桁より小さい部分の四捨五入、切上げ又は切捨てを行うことによって生じる誤差。,6,0,0
桁落ち誤差,けたおちごさ,値がほぼ等しい浮動小数点数同士の加算、減算において、有効桁数が大幅に減ってしまうこと。,1,0,0
情報落ち,じょうほうおち,絶対値に差がありすぎる数値の加算、減算において、絶対値の小さい数値が演算結果に反映されないこと。,2,0,0
打切り誤差,うちきりごさ ,円周率などの無限小数の指定した桁数以下を打ち切るなど、計算処理の打ち切りを指定した規則で行うことで発生する誤差。,0,0,0
シフト演算,しふとえんざん,数値の桁を左右にずらすことで乗算、除算を行う手法。符号を考慮する算術シフト、符号を考慮しない論理シフトに分かれる。,2,0,0
論理シフト,ろんりしふと,符号を考慮しないシフト演算。N進数の数値を左に1ビットずらすとN倍、右に1ビットずらすと1/N倍になる。シフトであふれたビットは捨てられ、空いたビットには0が入る。,8,0,0
算術シフト,さんじゅつしふと,符号を考慮するシフト演算。N進数の数値を左に1ビットずらすとN倍、右に1ビットずらすと1/N倍になる。符号ビット(最上位ビット)は固定してシフトさせず、それ以下のビットだけでシフトを行う。左シフトでは、あふれたビットは捨てられ、空いたビットには0が入る。右シフトでは、あふれたビットは捨てられ、空いたビットには符号ビットと同じ値が入る。,2,0,0
A/D変換,A/Dへんかん,アナログデータをデジタルデータに変換すること。標本化、量子化、符号化の順で処理が行われる。,10,0,0
標本化,ひょうほんか,時間的に連続したアナログ信号の波形から、一定の時間感覚で測定を行うこと。サンプリングとも呼ぶ。また、単位時間あたりの測定回数をサンプリング周波数(Hz)として表す。,5,0,0
量子化,りょうしか,標本化された信号を数値化すること。,8,0,0
符号化,ふごうか,量子化された信号を2進数のディジタル符号に変換すること。,5,0,0
機械学習,きかいがくしゅう,コンピュータに大量のデータを解析させることで、自ら予測や判断をできるようにすること。,1,0,0
ディープラーニング,でぃーぷらーにんぐ,機械学習の一種で、コンピュータがAIによって自らデータを判別できるようにすること。,3,0,0
論理和,ろんりわ,二つの入力値のうち、少なくとも一方が真である場合に真を返す論理演算。OR回路などに用いられる。,8,0,0
論理積,ろんりせき,二つの入力値のうち、どちらも真である場合に真を返す論理演算。AND回路などに用いられる。,8,0,0
否定,ひてい,入力値が真である場合に偽、偽である場合に真を返す論理演算。NOT回路などに用いられる。,5,0,0
排他的論理和,はいたてきろんりわ,二つの入力値の値が異なる場合に真を返す論理演算。XOR回路などに用いられる。,5,0,0
半加算器,はんかさんき,2進数一桁の加算が行える論理回路。上位桁への桁上がりを考慮する。,5,0,0
全加算器,ぜんかさんき,2進数一桁の加算が行える論理回路。下位桁からの桁上がり、上位桁への桁上がりを考慮する。,2,0,0
リスト構造,りすとこうぞう,データ構造の一種で、データ部とポインタ部で構成される。ポインタ部には前後データのアドレスが入る。次データのアドレスだけを持っている単方向リスト、前後データのアドレスを持っている双方向リスト、リストが環状に連結しているリストを環状リストという。,8,1,0
キュー,きゅー,データ構造の一種で、格納した順番でデータを取り出すことができるFIFOの特徴を持つ。キューにデータを格納することをエンキュー、キューからデータを取り出すことをデキューという。,1,1,0
FIFO,FIFO,First In First Outの略で、先に格納されたデータが先に取り出される性質のこと。,11,1,0
スタック,すたっく,データ構造の一種で、格納した順番とは逆の順番でデータを取り出すことができるLIFOの特徴を持つ。スタックにデータを格納することをプッシュ(Push)、スタックからデータを取り出すことをポップ(Pop)という。,2,1,0
LIFO,LIFO,Last-In First-Outの略で、格納した順序とは逆の順序でデータをが取り出される性質のこと。,12,1,0
木構造,きこうぞう,階層の上位から下位に節点をたどるよう、木の構造をしたデータ構造。データを節(ノード)、節と節を繋ぐ部分を枝(ブランチ)、最上位の節を根(ルート)、最下位の節を葉(リーフ)と呼ぶ。また、上位の節を親、下位の節を子と呼ぶ。,1,1,0
2分木,2ふんき,すべての枝の分岐が二つ以下である木構造のこと。,15,1,0
完全2分木,かんぜん2ふんき,すべての節が二つの子節を持ち、根から葉までの深さが全て等しい2分木。ただし、深さが1だけ深く、左端から詰められている葉がある場合も完全2分木として扱われる。,1,1,0
2分探索木,2ふんたんさくき,すべての節において「左の子<親<右の子」の不等式が成り立つ2分木。,15,1,0
ヒープ木,ひーぷき,すべての節において「子<親」または「子>親」の不等式が成り立つ完全2分木。,5,1,0
逆ポーランド記法,ぎゃくぽーらんどきほう,数式の表記法の一種。左から式を見ていき、演算子があったら直前の二つの数値をその演算子で計算する。,1,0,0
基本交換法(バブルソート),きほんこうかんほう,隣り合う要素を比較し、逆順であれば交換して整列を行う手法。N個のデータを整列させるために必要な比較回数はN(N-1)/2となる。計算量はO(n^2)。,1,1,0
基本選択法(選択ソート),きほんせんたくほう,最大または最小となる要素を順次取り出して、端に置いていくことで整列を行う手法。N個のデータを整列させるために必要な比較回数はN(N-1)/2となる。計算量はO(n^2)。,1,1,0
基本挿入法(挿入ソート),きほんそうにゅうほう,要素を順次取り出し、それまでに取り出した要素の集合に順序関係を考慮しつつ挿入することで整列を行う手法。N個のデータを整列させるために必要な比較回数はN(N-1)/2となる。計算量はO(n^2)。,1,1,0
クイックソート,くいっくそーと,要素の中から適当な基準値を設けて、その要素よりも小さい集合、大きい集合に分ける。分けられた集合にも同じ処理を繰り返していくことで整列を行う手法。,1,1,0
線形探索法,せんけいたんさくほう,配列などの先頭から目的データをしらみつぶしに調べていくデータの探索方法。不規則に配置されたデータの中から目的データを探索するのに適しているが、探索に時間がかかる。N個のデータの探索回数の最小は1回、最大はN回、平均は(N+1)/2回となる。計算量はO(n)。,2,1,0
2分探索法,2ふんたんさくほう,配列などの中央のデータと目的データを比較し、一致しなければ大小関係を考慮して前半または後半のデータに範囲を限定していくデータの探索方法。データが昇順または降順に並んでいる場合のみ有効な探索方法。N個のデータの平均比較回数はlogN回、最大比較回数はlogN+1回となる。計算量はO(logN)。,15,1,0
ハッシュ探索法,はっしゅたんさくほう,前もって保持しているキーをハッシュ関数に通しアドレスを生成、そのアドレスを用いて直接探索するデータの探索方法。ハッシュ関数によって格納先アドレスが衝突してしまうことをシノニムと言い、発生すると別の方法でアドレスを求める必要性が出てきてしまう。N個のデータの探索回数は、ハッシュ値が衝突する確率は無視できるほど小さいものとするとき、1回となる。計算量はO(1)。,5,1,0
計算量(オーダー),けいさんりょう,処理データの大きさによって、プログラムの実行時間がどのように変化するかを考えるときに用いる概念。O(x)と表し、xの部分に数式が入る。,1,0,0
バッチ処理,ばっちしょり,一定期間又は一定量のデータを集め、一括して処理する方式。,5,3,0
3層クライアントサーバシステム,3そうくらいあんとさーばしすてむ,プレゼンテーション層、ファンクション層、データベース層の3層構造に分離したクライアントサーバシステム。業務処理はサーバ側で実行し、クライアント側はHTMLの記述に従って結果を画面に表示する役割を担う。,15,3,0
ストアドプロシージャ,すとあどぷろしーじゃ,クライアントサーバシステムにおいて、利用頻度の高い命令群をあらかじめサーバ上のDBMSに格納しておくことによって、クライアントサーバ間のネットワーク負荷を軽減する仕組み。,2,3,0
シンクライアントシステム,しんくらいあんとしすてむ,ユーザーが操作するデバイスには必要最低限の機能を装備させ、ほとんどの処理をサーバ側で行う設計、またはそのデバイスのこと。外部記憶装置がないシステムでは、サーバを防御することによって、ウイルスなどの脅威にさらされるリスクを低減することができる。,2,3,0
デュプレックスシステム,でゅぷれっくすしすてむ,2系列で構成され、一方はオンライン処理を行い、もう一方は待機状態として故障に備えているシステム。,3,3,0
コールドスタンバイ,こーるどすたんばい,コンピュータを2台用意しておき、現用系が故障したときは、待機している待機系のコンピュータにて現用系と同一のオンライン処理プログラムを起動し、切り替えて、処理を実行するシステム。,1,3,0
ホットスタンバイ,ほっとすたんばい,コンピュータを2台用意しておき、現用系が故障したときは、現用系と同一のオンライン処理プログラムをあらかじめ起動して待機している待機系のコンピュータに速やかに切り替えて、処理を続行するシステム。,5,3,0
デュアルシステム,でゅあるしすてむ,同じ処理を行うシステムを二重に用意し、処理結果を照合することで処理の正しさを確認するシステム。どちらかのシステムに障害が発生した場合は、縮退運転によって処理を継続する。,3,3,0
マルチプロセッサシステム,まるちぷろせっさしすてむ,複数のCPUを多重化することで、一連の処理を分散させて同時かつ独立に処理を進めて全体の処理時間を短縮できるシステム。複数のCPUが主記憶を共有し、単一のOSで制御される密結合マルチプロセッサシステムと、CPUごとに独立した主記憶を持ち、それぞれが独立したOSで制御される疎結合マルチプロセッサが存在する。,6,3,0
負荷分散クラスタ構成,ふかぶんさんくらすたこうせい,同じ機能の複数のサーバを稼働させ、リクエストに対する処理を各サーバに振り分けて実行する。,5,3,0
RAID,RAID,複数の磁気ディスクを使い、アクセスの高速化、高信頼性を実現する技術。主に以下のRAIDに分けられる。RAID0：複数のディスクにデータを分散して高速化（ストライピング）。RAID1：複数のディスクに同じデータを書き込み、高信頼性(ミラーリング)。RAID3：複数のディスクにデータを分散、ディスクにパリティ情報を固定し、高速化、高信頼性。RAID5：複数のディスクにデータを分散、複数ディスクにパリティ情報を付与し、高速化、高信頼性。,13,3,0
フォールトアボイダンス,ふぉーるとあぼいだんす,障害が起きないようにする対策で、部品の信頼性を高めたり、定期保守を行ったりして故障そのものを排除するという思想。,5,3,0
フォールトトレランス,ふぉーるととれらんす,障害が起きてもシステムを動かし続けるための対策で、故障しても耐え切るという思想。,5,3,0
フェールセーフ,ふぇーるせーふ,システムの一部が故障したとき、あらかじめ定めた安全な状態に移行する思想。作業範囲に人間が入ったことを検知するセンサが故障したとシステムが判断した場合、ロボットアームを強制的に停止させるなどが挙げられる。,5,3,0
フェールソフト,ふぇーるそふと,システムの一部が故障したとき、機能を低下させてでもシステムを継続作動させる思想。飛行機のエンジンがいくつか止まっても、残りのエンジンで縮退動作を続けるなどが挙げられる。,5,3,0
フールプルーフ,ふーるぷるーふ,誤作動が起きにくい仕様にし、意図していない操作をしても故障しないという思想。数字入力フィールドに数字以外のものが入力された場合、システムから警告メッセージを出力して正しい入力を要求する設計などが挙げられる。,5,3,0
MIPS,MIPS,1秒間当たりに実行される命令の回数を百万単位で表記したもの。CPUの性能比較によく使われる。,12,3,0
ベンチマークテスト,べんちまーくてすと,使用目的に合わせて選定した標準的なプログラムを実行させ、その処理性能を測定するテスト手法。,5,3,0
平均故障間隔(MTBF),へいきんこしょうかんかく,システムが故障してから、次にまた故障するまでの平均時間。この値が大きいほど信頼性が高いシステムと言える。,5,3,0
平均修理時間(MTTR),へいきんしゅうりじかん,システム修理に要する平均時間。この値が小さいほど保守性の高いシステムと言える。,5,3,0
稼働率,かどうりつ,システムが正常に稼働している割合。MTBF/(MTBF+MTTR)の数式で求められる。また、二つのシステムの稼働率をA、Bとしたとき、直列システムの稼働率はA×B、並列システムの稼働率は1-(1-A)(1-B)で求められる。,1,3,0
CIO,CIO,情報システムの立案から実行までの責任者。経営戦略を実現するため、全社的観点から情報化戦略を立案し、経営戦略との整合性の確認や評価を行う。,10,16,0
要件定義,ようけんていぎ,新たに構築するシステムの仕様、機能、範囲を明確化し、それらを利害関係者で合意するプロセス。業務上実現すべきである業務要件、情報システムの機能を明確にする機能要件、性能や信頼性を明確にする非機能要件がある。,7,11,0
CSR,CSR,企業活動において経済的成長だけでなく、環境や社会からの要請に対し、責任を果たすことが企業価値の向上につながるという思想。企業の社会的責任という意味。,10,21,0
BPR,BPR,Business Process Reengineeringの略。顧客視点から業務のプロセスを再設計し、情報技術を十分に活用して、企業の体質や構造を抜本的に変革すること。また、これを継続的に改善していく管理手法をBPM(Business Process Management)という。,10,16,0
エンタープライズアーキテクチャ,えんたーぷらいずあーきてくちゃ,各業務と情報システムを、政策・業務体系、データ体系、適用処理体系、技術体系の四つの体系で分析し、全体最適化の観点から見直すための技法。,0,16,0
ビジネスアーキテクチャ,びじねすあーきてくちゃ,エンタープライズアーキテクチャを構成するアーキテクチャの一つ。ビジネス戦略に必要な業務プロセスや情報の流れを体系的に示したもの。,5,16,0
アプリケーションアーキテクチャ,あぷりけーしょんあーきてくちゃ,エンタープライズアーキテクチャを構成するアーキテクチャの一つ。業務プロセスを支援するシステムの機能や構成などを体系的に示したもの。,0,16,0
データアーキテクチャ,でーたあーきてくちゃ,エンタープライズアーキテクチャを構成するアーキテクチャの一つ。業務に必要なデータの内容、データ間の関連や構造などを体系的に示したもの。,3,16,0
テクノロジアーキテクチャ,てくのろじあーきてくちゃ,エンタープライズアーキテクチャを構成するアーキテクチャの一つ。情報システムの構築・運用に必要な技術的構成要素を体系的に示したもの。,3,16,0
DFD,DFD,Data Flow Diagramの略。業務中のデータの流れと処理の関連に注目して、記号を用いて視覚的に表した図。機能情報関連図ともいう。,10,16,0
E-R図,E-Rず,対象とする世界を実体と関連の二つの概念で表現する図。エンティティ間の関連を表した図。,10,16,0
UML,UML,オブジェクト指向によるシステム開発で利用され、分析、設計、テストまでを統一した図を用いた表記法。,14,16,0
オブジェクト図,おぶじぇくとず,UMLの一種。オブジェクト指向におけるインスタンス間の関係を表現した図。,0,16,0
クラス図,くらすず,UMLの一種。クラス名、属性名、操作名を記述した図。これらを複数個用いて、クラス間の関連を表すことができる。,1,16,0
ユースケース図,ゆーすけーすず,UMLの一種。人とシステムのやりとりを表した図。,7,16,0
シーケンス図,しーけんすず,UMLの一種。オブジェクト間のメッセージの流れを時系列に沿って表した図。,2,16,0
コミュニケーション図,こみゅにけーしょんず,UMLの一種。オブジェクト間のメッセージの流れをオブジェクト間の接続関係に沿って表した図。,1,16,0
アクティビティ図,あくてぃびてぃず,UMLの一種。実行順序や条件分岐などの制御の流れを表した図。,0,16,0
ウォーターフォールモデル,うぉーたーふぉーるもでる,開発工程を設計、実装、テストなどに分け、前の工程が完了してから、その成果物を使って次の工程を行う開発手法。上流工程から下流工程へと順に進めていく様から滝の水に例えられて名付けられた。,0,12,0
プロトタイプモデル,ぷろとたいぷもでる,試作品を作り、利用者の要求をフィードバックして開発を進める開発手法。,5,12,0
スパイラルモデル,すぱいらるもでる,複雑なソフトウェアを全部最初から作成しようとするのではなく、簡単な部分から分析、設計、実装、テストを繰り返し行い、徐々に拡大していく開発手法。,2,12,0
アジャイル開発,あじゃいるかいはつ,システムを迅速に開発するための軽量な開発手法。短期間での開発作業を反復させ、ユーザーの要求を取り入れながら段階的にシステム全体を完成させていく。,0,12,0
XP,XP,Extreme Programmingの略。アジャイル開発の手法の一つでいくつかの指針(プラクティス)が提唱されている。2人1組で1人がコーディング、もう1人がサポートに回るペアプログラミングなどが代表的である。,14,12,0
リバースエンジニアリング,りばーすえんじにありんぐ,既存のプログラムからファイルを解析して仕様書や設計書を作成する開発手法。,8,12,0
ユーザビリティ,ゆーざびりてぃ,どれだけ利用者がストレスを感じずに、目標とする要求が達成できるかの指標。,7,6,0
ラジオボタン,らじおぼたん,Web画面上に設計するボタンの一つで、複数の項目から一つを選択させるときに使用するボタン。,8,6,0
チェックディジット,ちぇっくでぃじっと,入力されたデータに対して、一定の規則に従い検査文字を定め、それをデータの最終桁に付加することで入力データに誤りがないかを検査する方法。,3,6,0
モジュール,もじゅーる,プログラムを分割したソフトウェアの部品のこと。ソフトウェア詳細設計工程ではモジュールごとに設計を行う。,6,1,0
モジュール強度,もじゅーるきょうど,モジュール内の機能間の関連性の強さを表す概念。モジュール強度が強いほどモジュールの独立性が高い状態と言える。,6,1,0
モジュール結合度,もじゅーるけつごうど,モジュール同士の結合の度合いを表す概念。モジュール結合度が弱いほど、モジュールの独立性が高い状態と言える。,6,1,0
オブジェクト指向,おぶじぇくとしこう,データや処理の流れを「もの」及びそれらの関係としてとらえて設計、開発を進めていく思想。この処理対象となる「もの」をオブジェクトと呼ぶ。オブジェクトはデータ(属性)とメソッド(手続き)の情報を持っている。,0,11,0
カプセル化,かぷせるか,データ(属性)とメソッド(手続き)の情報を一つひまとめ、ユーザーからそれらの内部情報を見ることができないよう隠ぺい化する構造のこと。,1,11,0
クラス,くらす,同一のデータ構造と同一のメソッドを持つオブジェクトをまとめて表現した設計図で、雛形のようなもの。,1,11,0
インスタンス,いんすたんす,クラスを設計図として作られた個々のオブジェクトのことで、雛形から作られた実体のようなもの。,0,11,0
継承,けいしょう,オブジェクト指向において、あるクラスの属性や機能がサブクラスで利用できるよう設計すること。,1,11,0
デバッグ,でばっぐ,プログラム中のバグを取り除くこと。,3,11,0
ユニットテスト,ゆにっとてすと,プログラムをモジュール単位で正常に動作するかを確認するテスト。詳細設計の工程で定義したテスト仕様書に従って行い、要求事項を満たしているかを確認する。,7,11,0
ホワイトボックステスト,ほわいとぼっくすてすと,ユニットテストの代表的なテスト手法の一つ。モジュールの内部構造に着目してテストデータを作成し、テストを行う。,5,11,0
ブラックボックステスト,ぶらっくぼっくすてすと,ユニットテストの代表的なテスト手法の一つ。モジュールの内部構造を考慮することなく、入力と出力の関係からテストデータを作成し、テストを行う。,5,11,0
結合テスト,けつごうてすと,ユニットテスト済みのモジュール同士を結合して行うテスト。モジュール間のインターフェースが正常かを確認する。,1,11,0
スタブ,すたぶ ,結合テストを行う際に、完成していないモジュールの代わりに、テスト対象のモジュールからの呼び出しに合わせて値を返すダミーモジュールのこと。,2,11,0
適格性確認テスト,てきかくせいかくにんてすと,ソフトウェアが要件定義工程で定義された要件通りに実現されているかを確認するテスト。,3,11,0
システムテスト,しすてむてすと,システムとしての要件が満たされているか検証するために行われるテストで、システム要件定義で定められた機能や能力がすべて備わっているかを確認するテスト。,2,11,0
運用テスト,うんようてすと,システムが完成した後、実際の本番環境にシステムを導入し、問題点があるかを確認するテスト。,0,11,0
リグレッションテスト(退行テスト),りぐれっしょんてすと,ソフトウェア保守のために行った変更によって、影響を受けないはずの箇所に影響を及ぼしていないかどうかを確認するテスト。,8,11,0
リファクタリング,りふぁくたりんぐ,ソフトウェアの保守性を高めるために、外部仕様を変更することなく、プログラムの内部構造を変更する作業。,8,11,0
レビュー,れびゅー,システム開発の各工程ごとに設計品質の評価を行い、各工程が問題なく終了したかを判断するための検討会。仕様の不備や誤りを早期に発見し、手戻り工数の削減を図ることが目的。,8,11,0
ラウンドロビン,らうんどろびん,レビュー技法の一つ。参加者全員が持ち回りでレビュー責任者を務めながらレビューを行う。,8,11,0
ウォークスルー,うぉーくするー,レビュー技法の一つ。レビュー対象物の作成者が説明者になり、机上でシミュレーションを行いながらレビューを行う。,0,11,0
インスペクション,いんすぺくしょん,レビュー技法の一つ。あらかじめ参加者の役割を決めておき、進行役(モデレータ)が主導になり、レビューを行う。,0,11,0
サービスデスク,さーびすですく,ITサービス利用者とITサービス提供企業との間の一元的な窓口。利用者からの製品の使用方法、トラブル時の対処方法、苦情への対応など様々な問い合わせを受け付ける。,2,14,0
インシデント,いんしでんと,ITサービスの品質低下を引き起こす、又は引き起こす恐れのある出来事。,0,14,0
インシデント管理,いんしでんとかんり,ITサービスに対するインシデントが報告された際、サービスの中断時間を最小限に抑えて速やかに回復することを目指すプロセス。,0,14,0
問題管理,もんだいかんり,ITサービスに対するインシデントが報告された際、インシデントの根本的な原因を突き止めて、恒久的な解決策を提供するプロセス。,6,14,0
ステークホルダ,すてーくほるだ,プロジェクトの利害関係者となる個人や企業の総称。,2,13,0
WBS,WBS,Work Breakdown Structureの略。プロジェクトで作成する成果物とそれを作成するための作業の内容や範囲を体系的に整理した図。,14,13,0
ファンクションポイント法,ふぁんくしょんぽいんとほう,帳票数、画面数、ファイル数などからソフトウェアの機能を定量的に算出し、それに基づいて、ソフトウェアの開発工数や開発費用などを見積もる手法。,5,13,0
開発工数,かいはつこうすう,ソフトウェア開発を行うために必要になる作業数のこと。単位には人月、人日などが用いられる。人月=人数×月数で求められ、10人月の作業は「10人で行えば1ヶ月の作業」、「1人で行えば10ヶ月の作業」ということになる。,1,13,0
アローダイアグラム,あろーだいあぐらむ,プロジェクトの達成に必要な作業を矢線で、作業の結合点を◯で表した図。作業の所有日数からプロジェクトの日程計画を立てるのに使用される。,0,13,0
ダミー作業,だみーさぎょう,作業の順序関係だけを表す工数0の作業。,3,13,0
クリティカルパス,くりてぃかるぱす,アローダイアグラムにて最早開始日と最遅開始日が等しい結合点を結んだ経路。作業工数が一番大きくなる経路。,1,13,0
システム監査,しすてむかんさ,情報システムを独立した第三者の立場から客観的に調査・報告すること。ITガバナンスの実現に寄与することを目的としている。,2,15,0
ITガバナンス,ITがばなんす,経済産業省によって定められた、企業の「ITを適切に活用する能力」のこと。,11,15,0
LAN,LAN,Local Area Networkの略。建物内や敷地内などの比較的狭い範囲で敷かれたネットワーク。最も普及している規格としてイーサネット(Ethernet)などがある。,12,9,0
WAN,WAN,Wide Area Networkの略。遠隔地にあるLAN同士などを接続する広域ネットワーク。,14,9,0
CSMA/CD方式,CSMA/CDほうしき,Carrier Sense Multiple Access with Collision Detectionの略。ネットワーク上でデータを送信する際、伝送媒体が使用中かどうかを調べ，使用中でなければ送信を行い、データ衝突を検出したらランダムな時間経過後に再度送信を行う方式。,10,9,0
OSI基本参照モデル,OSIきほんさんしょうもでる,OSIはOpen Systems Interconnectionの略。異機種間のコンピュータ同士を接続するために、ネットワークアーキテクチャを標準化し、7階層にまとめたもの。このモデルに準拠しているもの同士であれば、異機種間でも通信を行うことができる。上位層から順にアプリケーション層、プレゼンテーション層、セション層、トランスポート層、ネットワーク層、データリンク層、物理層と定義されている。,12,9,0
アプリケーション層,あぷりけーしょんそう,OSI基本参照モデルの第7層。アプリケーション間での通信サービスを提供する。最もユーザーに近い部分となる。主なプロトコルとしてHTTP、SMTP、POPなどがある。,0,9,0
プレゼンテーション層,ぷれぜんてーしょんそう,OSI基本参照モデルの第6層。文字コードや暗号データの表現形式の制御や変換を行う。主なプロトコルとしてHTTP、SMTP、POPなどがある。,5,9,0
セション層,せしょんそう,OSI基本参照モデルの第5層。プログラム間の通信の開始から終了までの手順を提供する。主なプロトコルとしてHTTP、SMTP、POPなどがある。,2,9,0
トランスポート層,とらんすぽーとそう,OSI基本参照モデルの第4層。データを確実に転送するための信頼性を提供する。主なプロトコルとしてTCPやUDPなどがある。,3,9,0
ネットワーク層,ねっとわーくそう,OSI基本参照モデルの第3層。通信経路の経路選択(ルーティング)や中継機能を提供する。主なプロトコルとしてIPなどがある。,4,9,0
データリンク層,でーたりんくそう,OSI基本参照モデルの第2層。直接的（隣接的）に接続されている通信機器間の信号の受け渡しを提供する。主なプロトコルとしてイーサネットなどがある。,3,9,0
物理層,ぶつりそう,OSI基本参照モデルの第1層。電気的・物理的な接続を提供する。主なプロトコルとしてPPPなどがある。,5,9,0
プロトコル,ぷろとこる,ネットワーク上でコンピュータ同士が通信するときの規約。,5,9,0
TCP/IP,TCP/IP,インターネットで広く使用されている4階層にまとめられたプロトコル体系。同様にOSI基本参照モデルなどのプロトコル体系が存在するが、ユーザーの多さから事実上の業界標準となっている。上位層から順にアプリケーション層、トランスポート層、インターネット層、ネットワークインターフェース層と定義されている。,13,9,0
HTTP,HTTP,Hyper Text Transfer Protocolの略。WebサーバとWebクライアント間でデータの送受信を行うために用いられるプロトコル。SSLの暗号通信技術を取り入れたHTTPSも存在する。,11,9,0
SMTP,SMTP,Simple Mail Transfer Protocolの略。電子メールを送信するために使用するプロトコル。,13,9,0
POP,POP,Post Office Protocolの略。電子メールを受信するために使用するプロトコル。,13,9,0
MIME,MIME,Multipurpose Internet Mail Extensionsの略。電子メールに画像や音声など、文字以外のデータを含める方式を定めるプロトコル。,12,9,0
UDP,UDP,User Datagram Protocolの略。TCP同様にトランスポート層にて使用されるプロトコル。TCPは信頼性を重視したプロトコルであるのに対し、UDPは通信相手の応答を待つことなくデータを送り続けるという特徴があり、信頼性よりもリアルタイム性が重視される場合に用いる。,14,9,0
IPアドレス,IPあどれす,TCP/IPネットワークにおいて、パケットを送受信する機器を判別するための番号。現在主流とされているIPv4では、2進数32ビットで表現される。また、ネットワーク部とホスト部で構成されていて、どのネットワークに属する、どのホストかを識別している。32ビット中どこまでをネットワーク部にし、どこからホスト部にするかで以下のクラスなどに分けられる。クラスA：ネットワーク部8ビット、ホスト部24ビットで構成され、ネットワーク部の先頭ビットは0。クラスB：ネットワーク部16ビット、ホスト部16ビットで構成され、ネットワーク部の先頭ビットは10。クラスC：ネットワーク部24ビット、ホスト部8ビットで構成され、ネットワーク部の先頭ビットは110。,11,9,0
ドメイン名,どめいんめい,サーバに割り当てられたIPアドレスを人間に分かりやすくするために、アルファベット、数字、記号などを用いて表現したもの。,3,9,0
DNS,DNS,Domain Name Systemの略。ドメイン名やホスト名などとIPアドレスとを対応付ける役割を果たす。,10,9,0
グローバルアドレス,ぐろーばるあどれす,インターネットに接続する際に割り当てられるIPアドレス。世界で一意となる重複のないIPアドレス。,1,9,0
プライベートアドレス,ぷらいべーとあどれす,LANやイントラネットなど独立したネットワークに接続する際に割り当てられるIPアドレス。独立したネットワーク内で一意となるよう、以下の決められた範囲内で自由に割り当てることができる。クラスA：10.0.0.0〜10.255.255.255。クラスB：172.16.0.0〜172.31.255.255。クラスC：192.168.0.0〜192.168.255.255。,5,9,0
DHCP,DHCP,Dynamic Host Configuration Protocolの略。IPアドレスの設定を自動化するプロトコル。PCなどからのIPアドレス付与の要求に対し，サーバに登録してあるIPアドレスの中から使用されていないIPアドレスを割り当てる。,10,9,0
ポート番号,ぽーとばんごう,コンピュータがデータ通信を行う際に通信先のアプリケーションを識別するための番号。0から1023まではウェルノウンポートと呼ばれ、特定のアプリケーションに予約されていて使用できない。ちなみに、SMTPは25、POPは110、DNSは53、HTTPは80が割り当てられている。,5,9,0
NAT,NAT,Network Address Translationの略。プライベートIPアドレスとグローバルIPアドレスを1対1で相互に変換する技術。複数の端末が同時にインターネットに接続する場合には、それに対応する数のグローバルIPアドレスが必要となる。,12,9,0
NAPT,NAPT,Network Address Port Translationの略。プライベートIPアドレスの複数の端末が、一つのグローバルIPアドレスを使ってインターネット接続を利用する技術。,12,9,0
ネットワークアドレス,ねっとわーくあどれす,IPアドレスにおける、ホスト部がオール0のアドレス。そのネットワーク自体を表すアドレス。,4,9,0
ブロードキャストアドレス,ぶろーどきゃすとあどれす,IPアドレスにおける、ホスト部がオール1のアドレス。そのネットワークに接続している全てのホストを表すアドレスで、データを一斉送信するときに用いられる。,5,9,0
サブネット,さぶねっと,ネットワーク内にさらに小さなサブネットワークを作成し、ネットワークを細分化したもの。IPアドレスにおけるホスト部の上位ビットを間借りして、サブネットワーク部を識別することで、どのネットワークの、どのサブネットワークの、どのホストかを識別できるようになる。また、ビットマスクを用いて、サブネットを考慮したネットワークアドレスを抽出するサブネットマスクが存在する。例えば、IPアドレス:192.168.0.0/23というのは上位23ビットがサブネットを考慮したネットワーク部、残り9ビットがホスト部となる。,2,9,0
IPv6,IPv6,既存のIPv4で表せる32ビットのIPアドレスを128ビットに拡張したもの。複数のアドレス表記法があり、その一つとして、アドレスの16進数表記を4文字(16ビット)ずつコロン":"で区切る表記法がある。,11,9,0
リピータ,りぴーた,OSI基本参照モデルにおける物理層(第1層)で接続する、LAN同士を接続するために伝送路の途中でデータの信号波形を増幅・整形して、中継を行う装置。,8,9,0
ブリッジ,ぶりっじ,OSI基本参照モデルにおけるデータリンク層(第2層)で接続する、LAN同士を接続するためにパケットの宛先MACアドレスを考慮し、フレームを中継する装置。,5,9,0
MACアドレス,MACあどれす,LANを識別するために割り当てられた世界で一意の番号。,12,9,0
ハブ,はぶ,複数のケーブルを一本にまとめるときに用いられる集約装置。宛先MACアドレスを考慮し、フレームを中継するスイッチングハブなどが存在する。,5,9,0
ルータ,るーた,OSI基本参照モデルにおけるネットワーク層(第3層)で接続する、LAN同士を接続するためにパケットの宛先IPアドレスを考慮し、フレームを中継する装置。,8,9,0
ゲートウェイ,げーとうぇい,OSI基本参照モデルにおけるトランスポート層(第4層)以上で接続する、LAN同士を接続するためにLAN間でプロトコル変換を行う装置。,1,9,0
パリティチェック,ぱりてぃちぇっく,送信するデータのビット列に、パリティビットと呼ばれる検査用の冗長ビットほ付与することで誤りを検出する方法。ビット列の1の数が奇数になるようパリティビットを付与する奇数パリティ、偶数になるようパリティビットを付与する偶数パリティなどが存在する。ただし、パリティチェックでは、1ビットの誤りは検出できるが、2ビットの誤りを検出することができない。,5,9,0
水平パリティ/垂直パリティ,すいへいぱりてぃ/すいちょくぱりてぃ,パリティチェックの手法の一つ。文字列を二次元ビット列で表し、ブロック方向にパリティチェックを行うことを水平パリティ、文字方向にパリティチェックを行うことを垂直パリティという。また、ブロック方向と文字方向の両方にパリティチェックを行うことを水平垂直パリティといい、1ビットの誤りを訂正することができ、2ビット以上の誤りを検出することができる。,2,9,0
bps,bps,bit per secondの略。1秒あたりに転送されるビット数を表す単位。,10,9,0
データベース,でーたべーす,検索や蓄積が容易にできるよう整理されたデータの集まり。蓄積したデータを複数のユーザーが共有し、同時に利用できるようにすることを目的としている。,3,8,0
3層スキーマ,3そうすきーま,外部スキーマ、概念スキーマ、内部スキーマの三つから定義された概念で、データの独立性を高めようとする考えから提案された。スキーマとは、データの性質、形式、ほかのデータとの関連などのデータ定義の集合のことである。,15,8,0
外部スキーマ,がいぶすきーま,3層スキーマを構成するスキーマの一つ。ユーザーから見たデータの形を定義する。,1,8,0
概念スキーマ,がいねんすきーま,3層スキーマを構成するスキーマの一つ。データベースに保持するデータの要素およびデータ同士の関係を定義する。,1,8,0
内部スキーマ,ないぶすきーま,3層スキーマを構成するスキーマの一つ。データを外部記憶装置上にどのような形式や編成で記録するかといった物理的な構造を定義する。,4,8,0
DBMS,DBMS,Data Base Management Systemの略。ユーザーとデータベースの中間に位置し、データベースを管理するソフトウェアのこと。以下の機能を持つ。定義機能：スキーマの定義を行う。障害回復機能：障害によって破壊されたDBの復元を行う。セキュリティ機能：外部からのアクセス制御を行う。再編成機能：多大な更新によって不規則になった領域の修復を行う。排他制御機能：DBに対する排他制御を行う。オプティマイズ機能：SQLの問い合わせから実行計画を作成する。,10,8,0
データディクショナリ,でーたでぃくしょなり,DBMSが管理するデータ、利用者、プログラムに関する情報、及びそれらの間の関係を保持するデータの集合体。,3,8,0
データウェアハウス,でーたうぇあはうす,企業の様々な活動を介して得られた大量のデータを整理・統合して蓄積しておくデータベース。意思決定支援などに利用する。,3,8,0
BI,BI,Business Intelligenceの略。企業内外のデータを蓄積し、分類・加工・分析して活用することによって、企業の意思決定の迅速化を支援する手法。,10,8,0
ビッグデータ,びっぐでーた,一般的なデータ管理・処理ソフトウエアで扱うことが困難なほど巨大で複雑なデータの集合。これらを組み合わせて分析することで、企業が新たな価値を生み出す流れが加速している。,5,8,0
データマイニング,でーたまいにんぐ,大量のデータから統計学的手法などを用いて新たな知識(傾向やパターン)を見つけ出すプロセス。,3,8,0
キーバリューストア,きーばりゅーすとあ,NoSQLで用いられる型の一つ。任意の保存したいデータと、そのデータを一意に識別できる値を組みとして保存する手法。,1,8,0
RDB,RDB,Relational DataBaseの略。関係データベースとも言われる。データを二次元の表として取り扱うデータベースのこと。,13,8,0
主キー,しゅきー,RDBにおいて、行を一意に特定するための列のこと。,2,8,0
外部キー,がいぶきー,RDBにおいて、別のテーブルの主キーと関連付けるための列のこと。,1,8,0
射影,しゃえい,RDBの操作において、表の中から特定の列だけを抜き出し、新しい表を作成する操作。,2,8,0
選択,せんたく,RDBの操作において、表の中から特定の行だけを抜き出し、新しい表を作成する操作。,2,8,0
結合,けつごう,RDBの操作において、二つ以上の表から特定の列同士を結合し、新しい表を作成する操作。,1,8,0
正規化,せいきか,RDBを作成する際、必要な項目などを整理して、複数の表に分割すること。データ重複の排除、操作時に発生するデータの矛盾の発生防止などを目的としている。また、正規化には第1正規形から第3正規形まであり、以下の過程で正規化を行う。第1正規形：繰り返し項目を含まないよう表を分割する。第2正規形：主キーの一部によって一意に決定する項目を別表に分割する。第3正規形：主キー以外によって一意に決定される項目を別表に分割する。また、計算で求められる項目を削除する。,2,8,0
トランザクション,とらんざくしょん,まとめて行う必要がある複数の処理を一連で行う処理のこと。,3,8,0
排他制御,はいたせいぎょ,データの矛盾を防ぐため、データベース更新中にロックをかけて、別のトランザクションにて更新が行えないようにする制御のこと。データの更新が終わればロックは解除される。ロックの種類には専有ロックと共有ロックが存在する。,5,8,0
専有ロック,せんゆうろっく,排他制御時にデータベースにかけるロックの一種。データベースのデータ更新時に使用する。ロック中は、別のトランザクションはデータの更新も読み取りもできず、専有ロックも共有ロックもかけることができない。,2,8,0
共有ロック,きょうゆうろっく,排他制御時にデータベースにかけるロックの一種。データベースのデータ読み取り時に使用する。ロック中は、別のトランザクションは上から共有ロックをかけ、データの読み出しを行うことができる。上から専有ロックをかけることはできず、データの更新は行うことができない。,1,8,0
デッドロック,でっどろっく,複数のトランザクションが、互いに相手のロックしている資源を要求して待ち状態となり、実行できなくなること。相手のロックが解除されるまで、互いに永遠に待ち状態になってしまう。,3,8,0
コミットメント制御,こみっとめんとせいぎょ,集中型データベースにおいて、一つのトランザクションを全て行うか(コミット)、全て行わないか(ロールバック)のどちらかにして、整合性を保つ制御のこと。,1,8,0
2相コミットメント制御,2そうこみっとめんとせいぎょ,分散型データベースにおいて、トランザクション処理をすぐ確定するのではなく、一度コミットもロールバックも可能な中間状態に設定し、その後確定処理に入るといった2段階で行うコミットメント制御のこと。複数のデータベースを更新したい際に採用される。,15,8,0
ACID特性,ACIDとくせい,トランザクション処理を行う際に必要とされる性質。以下の四つから構成される。原子性(Atomicity)：トランザクションが全て実行された状態、または、全て実行されていない状態で終了すること。一貫性(Consistency)：データベースの内容に矛盾がない状態であること。独立性(Isolation)：複数のトランザクションを同時に実行した場合と、順番に実行した場合の結果が等しくなること。耐久性(Durability)：一度正常終了したトランザクションの結果は、以後システムに障害が発生しても失われないこと。,10,8,0
差分バックアップ,さぶんばっくあっぷ,バックアップを取る際の手法の一つ。前回のフルバックアップ以降に更新された全てのファイルをバックアップする。,2,8,0
増分バックアップ,ぞうぶんばっくあっぷ,バックアップを取る際の手法の一つ。直前のバックアップ以降に更新された全てのファイルをバックアップする。,2,8,0
フルバックアップ,ふるばっくあっぷ,バックアップを取る際の手法の一つ。ファイルの更新情報に関わらず、全てのファイルをバックアップする。,5,8,0
ログファイル,ろぐふぁいる,データベースの回復処理のため、データの更新前後の値を書き出してデータベースの更新記録を取ったもの。ジャーナルファイルとも呼ばれる。,8,8,0
ロールフォワード,ろーるふぉわーど,データベース障害時の復旧方法の一つ。データベースをバックアップ時点の状態に戻した後、ログファイルの更新情報を使用して復旧させる方法。,8,8,0
ロールバック,ろーるばっく,データベース障害時の復旧方法の一つ。トランザクション処理中にシステム障害が発生した場合に、ログファイルの更新前情報を使用し復旧させる方法。,8,8,0
チェックポイントファイル,ちぇっくぽいんとふぁいる,データベースのシステム障害を回復するために、データベースの状態と、障害回復操作を開始すべき時点の情報を、適切な時間間隔で記録しておくファイルのこと。,3,8,0
SQL文,SQLぶん,RDBを定義・操作する言語で、データベースへのデータの抽出、挿入、更新、削除などが行える。基本形は「SELECT A FROM B WHERE C」という形で表し、「Bという表から、Cという条件を満たす、Aという列を抽出」という意味になる。また、全ての列を抽出したい場合にAの部分に*という記号が指定される。,13,8,0
副問合せ,ふくといあわせ,基本形SQL文のWHERE句に、さらにSELECT文を埋込み、SELECT文内でSELECTしたデータを用いる手法。基本形は「SELECT A FROM B WHERE IN(SELECT 〜)」という形で表す。,5,8,0
頻出SQL構文,ひんしゅつSQLこうぶん,ORDER BY A ASC：Aという列を昇順に並べ替える。降順にしたい場合は、ASCをDESCに変更。COUNT(*)：表の行数を抽出する。GROUP BY A：Aという列に存在する重複した値を結合する。A AS B：Aという列に新たにBという列名をつける。HAVING A：GROUP BY構文にて結合を行う列にAという条件を指定する。SQL基本形のWHEREに類似する。EXISTS()：()内に値が存在すれば真、しなければ偽を返す。副問合せにて使用する際は一行ずつ判定を行う。,5,8,0
埋込みSQL,うめこみSQL,プログラムに直接SQL文を記載し、データベース操作をプログラムから行うこと。また、現在の処理対象がプログラム中のどこであるかを示すものをカーソルと呼び、OPENで開き、CLOSEで閉じることができる。,0,8,0
機密性,きみつせい,情報へのアクセス許可のある人だけが情報を利用することができ、許可の無い人は情報の使用、閲覧を出来なくすること。機密性を向上させる技術にシステムの暗号化などが挙げられる。,1,10,0
完全性,かんぜんせい,情報システムの情報が正確であり、改竄されていないこと。完全性を向上させる技術にディジタル署名などが挙げられる。,1,10,0
脅威,きょうい,情報資産に攻撃や危害が加わり、情報資産に好ましくない影響を与える原因となるもの。主に物理的脅威、人的脅威、技術的脅威の3つに大別される。物理的脅威：災害などによる機器の故障、侵入者による機器の破壊など。人的脅威：内部関係者による操作ミス、紛失、不正使用など。技術的脅威：攻撃者による情報の漏でい、データ破壊、盗聴、改竄、なりすましなど。,1,10,0
脆弱性,ぜいじゃくせい,システム上の欠陥や仕様上の問題点。システムに脆弱性が存在すると、そこを攻撃者に突かれて不正侵入や盗聴などを許してしまう。,2,10,0
ソーシャルエンジニアリング,そーしゃるえんじにありんぐ,人の心理的な隙をついて機密情報を不正入手する行為のこと。例えば、内部関係者を装ってパスワードを聞き出したり、ゴミ箱に捨てられた紙から機密情報を入手する行為などが挙げられる、,2,10,0
リスクアセスメント,りすくあせすめんと,情報資産に対して、どのようなセキュリティ上のリスクが存在するかを特定し、その影響の大きさを評価する活動。考えられる全てのリスクに対処することは、時間と費用がかかりすぎるため、リスクの大きさ(リスクレベル)に従って優先順位をつけて対処していく。,8,10,0
BYOD,BYOD,Bring Your Own Deviceの略。従業員が個人で所有する情報機器を業務のために使用すること。端末の調達コストの削減や、従業員が使い慣れた端末で業務を行えるというメリットがある反面、情報漏えいなどのセキュリティリスクは増大する。,10,10,0
コンピュータウイルス,こんぴゅーたういるす,自己伝染・潜伏・発病の3機能を持つ。プログラムに寄生し、勝手に自分自身をコピーすることで他のシステムに伝染し、条件が満たされると発病してコンピュータに異常な動作を起こさせる。ネットワークを利用して自ら感染を広げるワーム、データの破壊・改ざんなどの不正な機能をプログラムの一部に組み込んだものを送ってインストールさせ、実行させるトロイの木馬などが存在する。,1,10,0
マルウェア,まるうぇあ,有害な動作を起こさせるよう悪意をもって作成されたソフトウェアやプログラムの総称。,6,10,0
スパイウェア,すぱいうぇあ,利用者の意図に反してインストールされ、Web閲覧履歴や個人情報を収集し、勝手に外部へ送信する不正プログラムのこと。キー入力の履歴を記録し、外部送信を行うキーロガーなどが存在する。,2,10,0
バックドア,ばっくどあ,裏口を意味する単語で、企業内ネットワークやサーバに侵入するために攻撃者が組み込むものの総称。,5,10,0
ビヘイビア法,びへいびあほう,ウイルス検出における手法の一つ。検査対象をメモリ上の仮想環境下で実行して，その挙動を監視する方法。,5,10,0
標的型攻撃,ひょうてきがたこうげき,官公庁、企業、知人などに成りすまし、特定のターゲットに対して興味を引くような件名や本文のメールを送ることで、ウイルス付きの添付ファイルを実行させたり、ウイルスを仕込んだWebサイトに誘導したりする攻撃。,5,10,0
水飲み場攻撃,みずのみばこうげき,標的型攻撃の一種。特定のターゲットがよく利用するWebサイトにウイルスを仕込んでおく手法。水飲み場に訪れた草食動物を襲う肉食動物の様子に由来している。,6,10,0
SQLインジェクション,SQLいんじぇくしょん,データベースへの命令文を構成するデータを入力し、Webアプリケーションが想定しない想定外のSQL文を意図的に実行させることでデータベースのデータを改ざんしたり不正に取得したりする攻撃。対策として、SQLのテンプレートを予め作成しておき、変動個所（プレースホルダ）に実際の値（バインド値）を割り当ててSQL文を生成するバインド機構、SQL文として特別な意味を持つ文字や記号を、別の文字列に置き換えるエスケープ処理などが存在する。,13,10,0
DNSキャッシュポイズニング,DNSきゃっしゅぽいずにんぐ,PCが参照するDNSサーバに誤ったドメイン情報を注入して、本来のサーバへのアクセスを妨害したり、偽装されたWebサーバに利用者を誘導したりする攻撃。,10,10,0
ディレクトリトラバーサル攻撃,でぃれくとりとらばーさるこうげき,攻撃者が、パス名を使ってファイルを指定し、管理者の意図していないファイルを不正に閲覧する行為。,3,10,0
バッファオーバフロー,ばっふぁおーばふろー,Webアプリケーションに対して大量のデータを送ることで、用意されているバッファ領域をあふれさせ、誤作動を起こさせる攻撃。,5,10,0
Dos攻撃,Dosこうげき,DosはDenial of Serviceの略。特定のサーバに対して、大量のパケットを送りつけることで想定以上の負荷を与え、サーバ機能を停止させる攻撃。複数のコンピュータを用いてDos攻撃を行うDDos攻撃も存在する。,10,10,0
ポートスキャン,ぽーとすきゃん,ネットワークに接続されているサービスに対して、外部から特定のデータを送信し、それに対する応答からソフトウェアバージョン情報やOSなどを調べる行為。システム攻撃者がセキュリティホールを見つける目的で行われることもある。,5,10,0
セキュリティホール,せきゅりてぃほーる,プログラムの不具合や設計上のミスが原因となって発生した情報セキュリティ上の欠陥のこと。セキュリティホールを攻撃者に狙われてしまう可能性があるため、迅速な修正が必要となる。,2,10,0
ブルートフォース攻撃,ぶるーとふぉーすこうげき,システム攻撃者が、パスワードの解析などを行う際に、存在しうる全ての組み合わせを試みる攻撃手法。例えば、数字4桁で構成されるパスワードに対して、0000〜9999の全てを試してみる攻撃などが該当する。,5,10,0
パスワードリスト攻撃,ぱすわーどりすとこうげき,複数のサイトで同一のID・パスワードの組合せを使用している利用者が多いという傾向を悪用し、あるサイトに対する攻撃などによって得られたIDとパスワードのリストを用いて、別のサイトへの不正ログインを試みる攻撃。,5,10,0
クロスサイトスクリプティング,くろすさいとすくりぷてぃんぐ,脆弱性のあるWebサイトに対して、悪意のあるスクリプトを混入させ、意図しない動作を起こさせたり、別サイトにとばして情報を取得したりする攻撃。,1,10,0
フィッシング,ふぃっしんぐ,実在する機関やWebサービスを装ったメールを送信して、Webサイトにアクセスさせ、個人情報などを取得する行為。,5,10,0
ドライブバイダウンロード攻撃,どらいぶばいだうんろーどこうげき,Webサイトにマルウェアを仕込んでおき、アクセスしてきた利用者の端末にマルウェアをダウンロード、実行させる行為。,3,10,0
SEOポイズニング,SEOぽいずにんぐ,検索サイトの順位付けアルゴリズムを悪用し、検索結果の上位に悪意のあるサイトが並ぶように細工する行為。,13,10,0
CAPTCHA,CAPTCHA,利用者に歪めた文字列を判読させたり、画像パズルを解かせたりすることで、コンピュータによるアクセスを排除する技術。人間には読み取ることが可能でも、コンピュータでは難しいという差異を利用している。,10,10,0
ディジタルフォレンジクス,でぃじたるふぉれんじくす,コンピュータ犯罪が行われた際に、原因究明や法的証拠を明らかにするために電子データの収集・解析を行う行為。,3,10,0
暗号化,あんごうか,送受信されるデータを盗聴から守るため、平文を人間が容易に解読できない暗号文に変換すること。共通鍵暗号方式、公開鍵暗号方式、両者の特徴を組み合わせたハイブリッド方式などが存在する。,0,10,0
復号化,ふくごうか,人間が容易に解読できないよう暗号化された暗号文を、人間が容易に解読できる元の平文に戻すこと。,5,10,0
共通鍵暗号方式,きょうつうかぎあんごうほうしき,暗号化に使用する鍵と、復号化に使用する鍵が共通の暗号化方式。データ送信者は共通の秘密鍵で暗号化し、データ受信者は共通の秘密鍵で復号化を行う。,1,10,0
公開鍵暗号方式,こうかいかぎあんごうほうしき,暗号化に使用する鍵と、復号化に使用する鍵が異なる暗号化方式。データ送信者は受信者の公開鍵で暗号化し、データ受信者は自身の秘密鍵で復号化を行う。,1,10,0
ディジタル署名,でぃじたるしょめい,公開鍵暗号方式を応用した技術の一種。メッセージの改ざんとなりすましの有無を確認するために使用される。送信者は送りたいメッセージとそれをハッシュ化し、自身の秘密鍵で暗号化したもの(ディジタル署名)を送信する。受信者は送られてきたディジタル署名に対し、送信者の公開鍵で復号化を行い、なりすましの有無を確認する。また、同時に送られてきたメッセージをハッシュ化した後、復号化したディジタル署名と比較することで改ざんの有無を確認する。,3,10,0
ハッシュ関数,はっしゅかんすう,メッセージからハッシュ値と呼ばれる文字列を生成する関数。同じメッセージを同じハッシュ関数に通すと同じハッシュ値が生成されるため、メッセージが改ざんされているかを確認することができる。また、一方向関数であるため、ハッシュ値から元のメッセージを復元することはできない。現在はハッシュ値として256ビットの文字列が生成されるSHA-256というハッシュ関数が主流である。,5,10,0
認証局,にんしょうきょく,公開鍵暗号方式において、利用者の公開鍵の正当性を保証するためのディジタル証明書を発行する独立した第三者機関。失効したディジタル証明書の一覧を発行したり、認証局運用規定の公開なども行っている。,4,10,0
SSL,SSL,Secure Sockets Layerの略。インターネット上でデータを暗号化して送受信するためのプロトコル。OSI基本参照モデルのトランスポート層で動作するプロトコルで、データのやりとりを安全に行うための業界標準プロトコルとなっている。また、SSLをベース作成され、ほぼ同じ機能を持つTLS(Transport Layer Security)も存在し、まとめてSSL/TLSと呼ばれることもある。,13,10,0
PKI,PKI,Public Key Infrastructureの略。公開鍵基盤という意味で、暗号化、認証、ディジタル署名の発行などを行う仕組みの総称のことを指す。,13,10,0
VPN,VPN,Virtual Private Networkの略。インターネット上に仮想的な専用ネットワークを構築する技術。,14,10,0
セキュアブート,せきゅあぶーと,コンピュータ起動時にOSやドライバのディジタル署名を検証することで、OS起動前の不正プログラムの実行を防止する技術。,2,10,0
ワンタイムパスワード,わんたいむぱすわーど,一度しか使えない使い捨てパスワードをその都度発行する方法。,9,10,0
バイオメトリクス認証,ばいおめとりくすにんしょう,人間の身体的特徴や行動的特徴などを用いて本人認証を行う方式。指紋認証や筆跡などがある。生体認証とも呼ばれる。,5,10,0
ファイアウォール,ふぁいあうぉーる,防火壁という意味で、企業内ネットワークとインターネットの接続点にて、外部からの不正アクセスを防止する方法。パケットのヘッダ情報を見て、許可されたパケットのみを通過させるパケットフィルタリング方式や、企業内ネットワークとインターネットを切り離し、プロキシプログラムを間に挟み、要求と応答を代理で行ってもらうアプリケーションゲートウェイ方式などが存在する。,5,10,0
WAF,WAF,Web Application Firewallの略。ファイアウォールの一種で、Webに起因する脆弱性に対する攻撃とみなされるパターンを検知したときに当該アクセスを遮断する機能を持つ。,14,10,0
DMZ,DMZ,DeMilitarized Zoneの略。非武装地帯という意味で、企業内ネットワーク、インターネットの両方から隔離された領域のこと。Webサーバなどの外部アクセスを伴うものを設置しておき、Webサーバに不正アクセスなどがあった場合でも企業内ネットワークに被害が及ばないようにすることができる。,10,10,0
ファジング,ふぁじんぐ,システムに問題が起こりそうなデータを大量に送り込み、その応答や挙動から脆弱性を見つける方法。,5,10,0
ペネトレーションテスト,ぺねとれーしょんてすと,コンピュータやネットワークのセキュリティ上の脆弱性を発見するために、システムを実際に攻撃して侵入を試みる手法。,5,10,0
著作権,ちょさくけん,知的創造物を保護するための法律。プログラムやデータベースは保護対象となる一方、プログラミング言語や規約、アルゴリズムは保護対象外となる。また、従業員が業務にて開発したプログラムの著作権は、特に契約上の定めがない限り、所属する会社に帰属する。,3,22,0
産業財産権,さんぎょうざいさんけん,知的創造物を保護するための法律。以下の四つに分類される。特許権：新規の発明を独占的・排他的に利用できる権利で、出願してから20年間保護される。商標権：商品名やマークなどを独占的・排他的に利用できる権利。意匠権：製品デザインを独占的・排他的に利用できる権利。実用新案権：製品の形状、構造、組み合わせを独占的・排他的に利用できる権利。,2,22,0
製造物責任法,せいぞうぶつせきにんほう,製造物の欠陥により、人の生命や身体に係る被害が生じた際に製造業者の損害賠償の責任について定める法律。ソフトウェアは対象外となるが、組み込みソフトウェアの不具合が原因で人的被害が生じた場合は、機器の欠陥とみなされ、機器を製造したメーカーがその責任を問われる。PL法とも言う。,2,22,0
ワークシェアリング,わーくしぇありんぐ,従業員1人当たりの勤務時間短縮、仕事配分の見直しによる雇用確保の取組みのこと。,9,22,0
不正競争防止法,ふせいきょうそうぼうしほう,事業者間において、公正な競争を確保するための法律。「秘密として管理されていること」「事業活動に有用な技術上又は経営上の情報であること」「公然と知られていないこと」と定義された営業秘密の不正使用に対して損害賠償を請求できる。,5,22,0
不正アクセス禁止法,ふせいあくせすきんしほう,本人に許可なくID・パスワードを使い、認証が必要なページに接続することを禁止する法律。なお、パスワードなどのアクセス制御機能をもたないコンピュータの場合は、管理者の承諾を得ずに侵入しても、不正アクセス行為として処罰の対象とはならない。,5,22,0
個人情婦保護法,こじんじょうほうほごほう,個人情報の不適切な取り扱いによって、個人の権利が侵害されることを防ぐ法律。なお、個人情報とは「生存する個人に関する情報であって、当該情報に含まれる氏名、生年月日その他の記述等により特定の個人を識別することができるもの」と定められている。,1,22,0
特定商取引法,とくていしょうとりひきほう,訪問販売、通信販売、電話勧誘販売などをトラブルが生じやすい取引を対象に、消費者を守るためのクーリングオフなどのルールを定めている法律。,3,22,0
労働者派遣契約,ろうどうしゃはけんけいやく,労働者の雇用関係と指揮命令権が切り離されている契約形態。労働者と派遣先企業には指揮命令関係が発生し、労働者は派遣先企業の命令を受けて仕事を行う。派遣期間は原則として最長3年で、二重派遣は禁止されている。また、特に契約に定めない限り、派遣労働者が開発したプログラムの著作権は派遣先企業に帰属する。,8,22,0
請負契約,うけおいけいやく,受託者が委託者から業務を請け負う契約形態。受託者が指定された納期までに成果物を納品する責任を持って作業を行う代わりに、委託者が受託者に直接指示を出すことはできない。また、特に契約に定めない限り、受託者が開発したプログラムの著作権は受託側に帰属する。,0,22,0
準委任契約,じゅんいにんけいやく,受託者が委託者から業務を請け負う契約形態。請負契約とは異なり、受託者には成果物の納品に対する責任が発生せず、善良な管理者の注意をもって委託された仕事を実施する契約となる。,2,22,0
損益分岐点,そんえきぶんきてん,売上高と費用の金額が等しく、利益が0となる売上高のこと。売上高の金額が、この点を上回れば利益が発生し、下回れば損失が発生する。また、損益分岐点は「固定費÷(1－変動費率)」の公式で求めることができ、変動費率とは売上高の中で変動費が占める割合を指す。,2,21,0
貸借対照表,たいしゃくたいしょうひょう,会計期間の期末日時点における企業の資産、負債及び純資産を表示し、企業の財政状態を明らかにするもの。バランスシートとも呼ばれる。,3,21,0
損益計算書,そんえきけいさんしょ,会計期間内のすべての収益と費用から利益を記載し、企業の経営成績を明らかにするもの。P/Lとも呼ばれる。,2,21,0
キャッシュフロー計算書,きゃっしゅふろーけいさんしょ,企業における現金の流れを営業活動、投資活動、財務活動の3視点から表したもの。営業活動欄には商品の販売による収入や商品の仕入れによる支出などが、投資活動欄には固定資産、有価証券の取得や売却などが、財務活動欄には株式の発行による収入や配当金の支払などが該当する。,1,21,0
原価滅却,げんかめっきゃく,建物や機械など時間の経過とともに価値が減っていく固定資産に対しての企業会計の計算方法の一つ。固定資産を取得するために要した費用は、使用期間にわたって費用として分配することが企業会計のあり方として適切とされているため、取得原価を使用期間にわたって分配して計算する方法。毎年同じ金額を計上する定額法と、割合で金額を計上する定率法が存在する。,1,21,0
先入先出法,さきいれさきだしほう,在庫内商品の評価額を計算する手法の一つ。同じ商品でも仕入時期によって仕入単価が異なることがあるため、先に仕入れた商品から先に売れたとみなして評価額を算出する方法。,2,21,0
ベンチマーキング,べんちまーきんぐ,業界内で最も成功をおさめている競合相手又は先進企業と比較して、自社の製品やサービス、オペレーションなどを定性的・定量的に把握すること。,5,18,0
コアコンピタンス,こあこんぴたんす,競争優位の源泉となる、他社よりも優越した自社独自のスキルや技術などの経営資源のこと。,1,18,0
コストプラス法,こすとぷらすほう,製品の価格設定方法の一つ。製品の製造原価に一定の希望利益額を足して価格を設定する方法。,1,18,0
マーケティングミックス,まーけてぃんぐみっくす,企業がマーケティング戦略において、4Pと呼ばれる製品戦略(Product)、価格戦略(Price)、チャネル戦略(Place)、プロモーション戦略(Promotion)を適切に組み合わせて、自社製品を効果的に販売していくこと。,6,18,0
PPM,PPM,プロダクトポートフォリオマネジメントの略。製品の市場占有率と市場成長率から，企業がそれぞれの事業に対する経営資源の最適配分を意思決定する手法。市場成長率と市場占有率がともに高い「花形」、市場成長率が高く、市場占有率が低い「問題児」、市場成長率が低く、市場占有率が高い「金のなる木」、市場成長率と市場占有率がともに低い「負け犬」に事業を分類し、経営方針の決定に役立てる。,13,18,0
コトラーの競争戦略,ことらーのきょうそうせんりゃく,企業を市場での地位によって、それぞれの企業が置かれた地位に応じて採るべき戦略を提唱したもの。市場においてトップに位置する「リーダ」、リーダに次ぐ地位に存在し、リーダに競争を仕掛ける「チャレンジャ」、参入しにくい特定の市場で地位を維持している「ニッチャ」、リーダやチャレンジャの戦略を模倣し、地位の確率を狙う「フォロワ」の4つの地位に分類される。,1,18,0
SWOT分析,SWOTぶんせき,「SWOT」とは強み(Strength)、弱み(Weakness)、機会(Opportunity)、脅威(Threat)の意味。企業が経営戦略を立てるために、自社の強みと弱み、機会と脅威を分析する手法。,13,18,0
プロダクトライフサイクル,ぷろだくとらいふさいくる,製品のライフサイクルを段階的に分類し、段階ごとに最適な戦略を分析する手法。まだまだ需要は部分的で、新規需要開拓が勝負となる「導入期」、市場が商品の価値を理解し始め、売上も伸びるが投資も必要となる「成長期」、需要が大きくなり、製品の差別化や市場の細分化が明確になってくる「成熟期」、需要が減ってきて、撤退する企業も出てくる「衰退期」に分類される。,5,18,0
バリューチェーン分析,ばりゅーちぇーんぶんせき,企業の事業活動を機能ごとに主活動と支援活動に分け、企業が顧客に提供する製品やサービスの利益は、どの活動で生み出されているかを分析する手法。,5,18,0
バランススコアカード,ばらんすすこあかーど,企業のビジョンと戦略を実現するために、「財務」「顧客」「業務プロセス」「学習・成長」という4つの視点から業績を評価・分析する手法。,5,18,0
KPI,KPI,Key Goal Indicatorの略。業績評価指標の意味。,12,16,0
ナレッジマネジメント,なれっじまねじめんと,企業に属している個々の社員たちの知識を共有化し、企業全体の問題解決力を高める経営手法。,4,16,0
アンゾフの成長マトリクス,あんぞふのせいちょうまとりくす,製品と市場の2軸から、事業の方向性を分析する手法。既存市場に対して既存製品で事業拡大する「市場浸透」、既存市場に対して新規製品で事業拡大する「製品開発」、新規市場に対して既存製品で事業拡大する「市場開拓」、新規市場に対して新規製品で事業拡大する「多角化」の4つに分類される。,0,16,0
CRM,CRM,Customer Relationship Managementの略。顧客に関する情報の収集や分析を行い、顧客満足度を高めていくことで、長期的な視点で顧客と良好な関係を築いて収益を拡大する手法。,10,16,0
SFA,SFA,Sales Force Automationの略。IT技術やネットワーク技術を活用して、営業部門の業務を支援し営業成績の向上を図る経営手法。,13,16,0
SCM,SCM,Supply Chain Managementの略。部品の調達から製造、流通、販売までの複数の企業や組織にまたがる情報を統合的に管理することによって、コスト低減や納期短縮などを目的とする経営手法。,13,16,0
ERP,ERP,EnterPrise Resource Planningの略。企業全体の経営資源(人、もの、金、情報)を有効かつ総合的に計画して管理し、経営の効率向上を図るための手法・概念のこと。,10,16,0
プロダクトイノベーション,ぷろだくといのべーしょん,新たな商品や他社との差別化ができる商品を開発し、技術革新を促進していくこと。,5,19,0
コンカレントエンジニアリング,こんかれんとえんじにありんぐ,製品開発において、同時に着手できる工程を同時並行的に行うことで、スピードアップやコストダウンを図る手法。,1,19,0
技術のSカーブ,ぎじゅつのSかーぶ,技術の進化の過程を示す曲線であり、当初は緩やかに進化するが、やがて急激に進化し、その後、緩やかに停滞していく過程を示す。,1,19,0
かんばん方式,かんばんほうしき,必要な物を、必要な時に、必要な量だけ生産する「ジャストインタイム」(Just In Time)と呼ばれる生産方式の一つ。中間在庫を極力減らすために、生産ラインにおいて、後工程の生産に合わせて、必要な部品を前工程から調達する方式のこと。,1,20,0
セル生産方式,せるせいさんほうしき,部品の組み立てから完成検査までの全工程を1人、または少人数で行う生産方式。1人の作業範囲が広範囲に及ぶため、多種類かつフレキシブルな生産に向いている。,2,20,0
MRP,MRP,Material Requirements Planningの略。今後、製品がどれだけ生産されるのかを計算し、既存在庫数から各部品の発注数を割り出した後、製造工程の組み立て順を考慮し、製造部品の発注時期を決定する資材管理手法。,12,20,0
CAD,CAD,Computer Aided Designの略。コンピュータを用いた設計作業支援システムのこと。製品の形状や構造などの属性データから、製品設計図面を作成することができる。,10,20,0
EC,EC,Electronic Commerceの略。ネットオークションやショッピングサイトなどの電子的なネットワークを介した商取引のこと。,10,20,0
バーチャルモール,ばーちゃるもーる,仮想商店街という意味。BtoC取引で使用される、様々な商品を販売しているWebサイトのこと。,5,20,0
EDI,EDI,Electronic Data Interchangeの略。ネットワークを介して、商取引のためのデータをコンピュータ(端末を含む)間で標準的な規約に基づいて交換すること。,10,20,0
仮想通貨,かそうつうか,電子的に記録・移転ができる財産的価値を持つデータで、暗号通通貨とも呼ばれる。ブロックチェーン技術を用いて、一定期間に行われた取引を1つのブロックにまとめ、ブロック同士を繋いで改ざん不可能な台帳の形成が行える。また、仮想通貨取引の確認や記録の計算作業に参加し、報酬として仮想通貨を得ることをマイニングという。,1,20,0
コンバージョン率,こんばーじょんりつ,Webサイトへのアクセス件数に対して、最終的に商品やサービスなどの購入に至った件数のこと。,1,20,0
アフィリエイト,あふぃりえいと,個人が所有するWebサイトなどに企業の広告を掲載し、そのリンクをたどって企業の商品やサービスが売れた場合に、広告主から報酬が支払われるという成果報酬型広告のこと。,0,20,0
ソーシャルメディア,そーしゃるめでぃあ,利用者同士が情報を発信し合い、情報を多数の利用者に伝搬させることを目的としたコミュニティ型メディアの総称。SNSとも呼ばれる。,2,20,0
CGM,CGM,Consumer Generated Mediaの略。インターネットを利用した、個人が制作した情報が中心となるメディアの総称。口コミサイト、Q&Aサイト、動画共有サイトなどが該当する。,10,20,0
OtoO,OtoO,Online to Offlineの略。モバイル端末などを利用している顧客を、仮想店舗から実店舗に、又は実店舗から仮想店舗に誘導しながら、購入につなげる仕組みのこと。,12,18,0
ロングテール,ろんぐてーる,インターネットショッピングで、売上の全体に対して、あまり売れない商品群の売上合計が無視できない割合になっているという現象。店舗販売では、あまり売れない商品は店頭に並ばないが、それらの商品においても十分な売上が確保できるという点がインターネットショップ販売の利点の一つである。,8,20,0
ホスティングサービス,ほすてぃんぐさーびす,事業者が用意したサーバの一部を顧客に貸し出し、顧客が自社のサーバとして利用するサービス。,5,16,0
クラウドコンピューティング,くらうどこんぴゅーてぃんぐ,事業者が提供するソフトやハードなどの資源をネットワークを介して提供するサービスの総称で、「クラウド」と略されることが多い。利用者がスケーラピリティ(拡張性)やアベイラピリティ(可用性)の高いサービスを容易に受けられるようになるメリットがある。主にIaaS、PaaS、SaaSの三つに代表される。,1,16,0
IaaS,IaaS,Infrastructure as a Serviceの略。クラウドの一種で、事業者によって提供されたハードウェアやネットワークを活用できるサービス。OSまで含む場合もあり、含まない物をHaaS(Hardware as a Service)と呼ぶこともある。,11,16,0
PaaS,PaaS,Platform as a Serviceの略。クラウドの一種で、事業者によって提供されたプラットフォームを活用できるサービス。IssSに加えて、データベース、Webサーバ、プログラム開発環境などが提供される。,13,16,0
SaaS,SaaS,Software as a Serviceの略。クラウドの一種で、事業者によって提供されたソフトウェアを活用できるサービス。同様の意味を持つ単語として、ASP(Application Service Provider)が存在する。,13,16,0
オンラインストレージ,おんらいんすとれーじ,クラウドの一種で、事業者によって提供されたサーバ上のファイル保管用ディスクスペースを活用できるサービス。,0,16,0
SOA,SOA,Service Oriented Architectureの略。ソフトウェアの機能をサービスという部品とみなし、そのサービスを組み合わせることでシステムを構築する概念。,13,16,0
アウトソーシング,あうとそーしんぐ,外注という意味で、業務の一部、または全てを外部の専門企業に委託すること。,0,16,0
BPO,BPO,Business Process Outsourcingの略。自社の管理部門やコールセンタなど特定部門の業務プロセス全般を、業務システムの運用などと一体として外部の専門業者に委託すること。,10,16,0
IoT,IoT,Internet of Thingsの略。車や家電などの様々なものに通信機能をもたせ、インターネットに接続することによって自動認識や遠隔計測を可能にし、大量のデータを収集・分析して高度な判断サービスや自動制御を実現する技術。,11,20,0
HEMS,HEMS,Home Energy Management Systemの略。家庭内の家電製品をネットワークでつなぎ、電力の可視化及び電力消費の最適制御を行うシステムのこと。,11,20,0
ディジタルサイネージ,でぃじたるさいねーじ,ディスプレイに映像、文字などの情報を表示する電子看板。,3,20,0
ディジタルディバイド,でぃじたるでぃばいど,PCや通信などを利用する能力や機会の違いによって、経済的・社会的な格差が生じること。,3,16,0
RPA,RPA,Robotic Process Automationの略。人間が行っていたPCの定型的な操作を、ソフトウェアによって自動化・効率化するもの。,13,16,0
特性要因図,とくせいよういんず,原因と結果の関連性を体系的に表した図。結果に対して、どのような原因が存在するかを矢印にて表している。,3,21,0
散布図,さんぷず,縦軸と横軸で表された2項目間の相関関係を表した図。座標上のプロットが右肩上がりなら正の相関、右肩下りなら負の相関、どちらでもなくバラつきが見られたら相関なしと判断できる。,2,21,0
パレート図,ぱれーとず,データを幾つかの項目に分類し、出現頻度の大きさの順に棒グラフとして並べ、累積和を折れ線グラフで描いた図。また、パレート図のデータ全体に対する比率によってクラス分けを行い、重点項目を把握する手法をABC分析という。,5,21,0
ABC分析,ABCぶんせき,パレート図を用いて、項目を降順で並べ、データ全体に対する比率によって階層分けを行い、重点項目を把握する手法のこと。,10,21,0
ヒストグラム,ひすとぐらむ,収集したデータを幾つかの区間に分類し、各区間に属するデータの個数を棒グラフとして描いた図。データのバラつきなどを把握する際に使用される。,5,21,0
管理図,かんりず,時系列データのばらつきを折れ線グラフで表したもの。上下一対の管理限界線を引いて、異常値を検出できる。,1,21,0
親和図法,しんわずほう,収集した情報を相互の関連によってグループ化し、解決すべき問題点を明確にする方法。,2,21,0
マキシミン戦略,まきしみんせんりゃく,複数の競合がいるときに、相手がどのような戦略を取るか、またそれに対して自分にとって最善の戦略は何なのかを分析するゲーム理論における戦略の一つで、自分の得られる最小利得が最も大きくなるように行動する戦略のこと。,6,21,0
標準偏差,ひょうじゅんへんさ,データのばらつきを表す指標の一つ。この値が小さければばらつきは小さく、大きければばらつきも大きいということになる。,5,0,0
正規分布,せいきぶんぷ,平均値を中心に左右対称の山のようなカーブを描く確率分布のこと。平均値±標準偏差の範囲に全体の68%のデータが含まれる。,2,0,0
